L_FW_X	L_FW_Y	L_HW_X	L_HW_Y	L_Band_X	L_Band_Y	L_N1_X	L_N1_Y	L_N2_X	L_N2_Y	L_N3_X	L_N3_Y	L_N4_X	L_N4_Y	L_BandN1_X	L_BandN1_Y	L_BandN2_X	L_BandN2_Y	L_BandN3_X	L_BandN3_Y	L_BandN4_X	L_BandN4_Y	L_Yb_X	L_Yb_Y	L_Hwden_X	L_Hwden_Y	L_Fwden1_X	L_Fwden1_Y	L_Fwden2_X	L_Fwden2_Y	L_Fwden3_X	L_Fwden3_Y	L_Fwden4_X	L_Fwden4_Y	L_ray1_X	L_ray1_Y	L_ray2_X	L_ray2_Y	L_ray3_X	L_ray3_Y	L_ray4_X	L_ray4_Y	L_ray6_X	L_ray6_Y	L_ray5_X	L_ray5_Y
69.85206	131.7458	50.387335	163.05649	63.13453	106.22805	63.125	90.665753	78.928572	75.040753	84.220981	64.35102	95.625	51.647896	63.125738	90.651072	77.732719	74.917311	82.510056	64.085657	95.27776	51.521627	115.97724	169.2351	94.576766	160.18189	127.78985	126.10388	169.51533	128.32392	132.8973	102.18623	144.85237	81.595906	144.26152	210.65135	128.73042	215.82839	114.71455	214.06062	99.05719	208.88359	78.6016	184.13485	88.19805	196.50922
69.85206	131.7458	50.660015	162.17009	63.13615	106.13105	62.847229	90.686725	78.490301	74.999021	83.640508	64.336105	95.571703	51.589783	62.847967	90.672044	77.10273	74.962538	81.941464	63.967191	94.845656	51.305678	115.97724	169.2351	94.576766	160.18189	127.00245	125.89584	169.18097	128.31829	132.55671	102.06127	145.98583	82.493527	144.26152	210.65135	128.56348	215.5771	114.06519	213.84545	98.815743	208.63037	78.434764	183.92614	88.020042	196.28246
66.903896	130.86384	50.989811	161.31559	63.27437	105.50901	62.181809	90.391229	77.335923	74.96137	83.078647	64.204122	95.023808	51.317408	62.182547	90.376548	75.266036	75.178761	81.062445	63.881823	95.023808	51.317408	115.17667	168.9149	96.380028	158.70442	126.42346	125.64126	168.12905	128.20764	132.21141	101.94931	147.45589	83.635208	144.53062	209.75717	128.61332	214.56959	114.7226	213.66503	98.822599	207.62225	78.635936	183.24417	88.051209	195.44861
66.903896	130.86384	51.370705	160.49245	63.4828	104.84439	61.910438	89.950371	76.705933	75.006597	82.510056	64.085657	94.428477	51.06429	61.911176	89.93569	75.000001	75.219324	80.758748	63.901402	94.428477	51.06429	115.17667	168.9149	96.380028	158.70442	125.85817	125.38386	167.38663	128.06324	131.86671	101.83579	148.88466	84.783043	144.88614	208.67874	128.99459	213.78048	114.72951	213.3253	99.288445	206.83476	79.187463	182.76465	88.434204	194.8165
66.903896	130.86384	51.751599	159.66931	63.69123	104.17977	61.639066	89.509514	76.075944	75.051824	81.941464	63.967191	93.833145	50.811172	61.639804	89.494833	74.733965	75.259887	80.455051	63.920981	93.833145	50.811172	115.17667	168.9149	96.380028	158.70442	125.29288	125.12646	166.64422	127.91885	131.52201	101.72226	150.31343	85.930879	145.24166	207.60031	129.37585	212.99137	114.7759	213.13497	99.754291	206.04727	79.73899	182.28514	88.817199	194.18439
64.25025	129.6236	52.183591	158.87754	63.9715	103.37557	61.438757	88.71646	75.266036	75.178761	81.062445	63.881823	92.882312	50.383378	61.439495	88.701779	74.094306	75.274546	79.750354	63.784522	92.882312	50.383378	112.94679	167.9724	98.626519	157.82217	124.37501	124.75658	165.49284	127.6507	131.1779	101.60717	151.70092	87.084868	145.85644	205.96911	130.08362	211.85231	115.03684	212.55304	100.63132	204.90882	80.674238	181.57815	89.543647	193.25048
64.25025	129.6236	52.660662	158.11658	64.26208	102.62325	61.393541	88.488654	75.000001	75.219324	80.758748	63.901402	92.627545	50.247557	61.394279	88.473973	73.495004	75.305217	79.002494	63.608711	92.627545	50.247557	112.94679	167.9724	98.626519	157.82217	124.00873	124.64693	165.10874	127.56631	130.83966	101.47596	152.66924	88.007106	146.02928	205.60059	130.24565	211.53524	115.37482	211.86492	100.82496	204.59044	80.87444	181.35693	89.71328	192.97369
64.25025	129.6236	53.137733	157.35562	64.55266	101.87093	61.348325	88.260848	74.733965	75.259887	80.455051	63.920981	92.372778	50.111736	61.349063	88.246167	72.895701	75.335888	78.254634	63.432901	92.372778	50.111736	112.94679	167.9724	98.626519	157.82217	123.64244	124.53728	164.72464	127.48193	130.37579	101.29601	153.19721	88.510538	146.20212	205.23207	130.40768	211.21817	115.7128	211.17681	101.0186	204.27206	81.074642	181.13571	89.882913	192.6969
62.66957	128.4404	53.659884	156.62548	64.88069	100.88626	61.3067	87.780247	74.094306	75.274546	79.750354	63.784522	92.184947	49.916142	61.307438	87.765566	72.284448	75.434876	77.225435	63.148824	92.184947	49.916142	110.46375	167.236	101.05162	157.24405	122.76874	124.34807	163.8784	127.25468	129.88187	101.08706	153.86039	89.131959	146.57955	204.56878	130.61821	210.68159	116.30507	210.07499	101.50288	203.72559	81.504488	180.68225	90.272894	192.21361
62.66957	128.4404	54.221095	155.92561	65.14882	99.996061	61.294478	87.237728	73.495004	75.305217	79.002494	63.608711	91.977351	49.698503	61.295216	87.223047	72.232143	75.487182	76.987259	63.07991	91.977351	49.698503	110.46375	167.236	101.05162	157.24405	121.84337	124.09895	162.95166	127.00118	129.43987	100.81647	154.52424	89.747593	147.00917	203.85576	130.88816	210.0822	116.48232	209.76747	102.04385	203.12157	81.985034	180.19515	90.741148	191.66236
62.66957	128.4404	54.782306	155.22574	65.41696	99.105858	61.282257	86.69521	72.895701	75.335888	78.254634	63.432901	91.769756	49.480865	61.282995	86.680529	72.179837	75.539487	76.749083	63.010996	91.769756	49.480865	110.46375	167.236	101.05162	157.24405	120.91801	123.84984	162.02492	126.74768	128.99787	100.54588	155.1881	90.363227	147.43878	203.14273	131.1581	209.4828	116.65957	209.45995	102.58481	202.51756	82.465581	179.70805	91.209403	191.11111
60.71473	126.8456	55.382578	154.55615	65.65071	98.122885	61.33564	85.853033	72.284448	75.434876	77.225435	63.148824	91.375484	49.129182	61.336378	85.838351	71.713926	75.538068	76.466388	62.903238	91.375484	49.129182	108.14856	166.5373	103.39071	156.67899	119.65449	123.36617	160.66465	126.37324	128.60779	100.21365	156.11799	91.213217	148.11135	202.09625	131.68731	208.53642	117.07988	208.80739	103.39268	201.58172	83.198329	179.00943	91.997296	190.21756
60.71473	126.8456	56.015892	153.91629	65.67621	97.935653	61.37184	85.615293	72.232143	75.487182	76.987259	63.07991	91.208572	49.017182	61.372578	85.600611	71.215029	75.546603	76.167448	62.730016	91.208572	49.017182	108.14856	166.5373	103.39071	156.67899	119.36802	123.19153	160.31161	126.27855	128.35161	99.787114	156.38335	91.45336	148.30213	201.81252	131.88715	208.25224	117.56139	208.08448	103.60288	201.30744	83.39983	178.83155	92.23866	189.94323
60.71473	126.8456	56.649206	153.27644	65.70172	97.748421	61.40804	85.377553	72.179837	75.539487	76.749083	63.010996	91.04166	48.905182	61.408778	85.362871	70.716132	75.555138	75.868507	62.556795	91.04166	48.905182	108.14856	166.5373	103.39071	156.67899	119.08154	123.01689	159.95857	126.18386	128.02293	99.239864	156.6487	91.693503	148.49291	201.52879	132.08699	207.96807	118.0429	207.36157	103.81308	201.03316	83.601331	178.65367	92.480024	189.6689
58.926769	125.48733	57.315562	152.66631	65.84687	97.058624	61.379395	84.902413	71.713926	75.538068	76.466388	62.903238	90.529963	48.509913	61.380133	84.887731	70.092124	75.619691	75.40174	62.152725	90.529963	48.509913	105.88438	165.7082	108.76912	156.08293	118.46646	122.79949	159.34011	126.02077	127.80233	98.627477	157.14403	92.081481	148.87918	201.06556	132.45501	207.42108	118.79666	206.27386	104.19172	200.47543	83.990735	178.35928	93.024831	189.04599
58.926769	125.48733	58.008941	152.08537	65.98539	96.185203	61.403834	84.375582	71.215029	75.546603	76.167448	62.730016	90.02125	48.050919	61.404572	84.3609	70	75.665753	75.25016	61.987341	90.02125	48.050919	105.88438	165.7082	108.76912	156.08293	117.96452	122.52369	158.65967	125.83976	127.78153	98.044036	157.6726	92.49954	149.30873	200.52607	132.87317	206.79247	119.0077	205.9794	104.6126	199.85475	84.419167	178.03559	93.647268	188.36118
58.926769	125.48733	58.70232	151.50444	66.12392	95.311782	61.428274	83.848752	70.716132	75.555138	75.868507	62.556795	89.512538	47.591925	61.429012	83.83407	69.907876	75.711815	75.09858	61.821957	89.512538	47.591925	105.88438	165.7082	108.76912	156.08293	117.46259	122.24788	157.97924	125.65875	127.76073	97.460595	158.20116	92.917599	149.73827	199.98658	133.29133	206.16386	119.21874	205.68494	105.03347	199.23408	84.847598	177.71189	94.269705	187.67637
56.68943	123.7552	59.422723	150.95269	66.25581	94.254738	61.630069	83.047982	70.092124	75.619691	75.40174	62.152725	88.929326	46.885755	61.630807	83.0333	69.193089	75.733635	74.791184	61.328599	88.929326	46.885755	103.68296	164.942	114.1776	155.77029	117.15688	121.70953	156.93636	125.37665	127.93972	96.906099	158.96212	93.545969	150.39303	199.07644	133.9598	205.14831	119.64732	205.17963	105.68615	198.28746	85.493864	177.21133	95.245716	186.66867
56.68943	123.7552	60.164131	150.4296	66.25479	93.333011	61.75434	82.825733	70	75.665753	75.25016	61.987341	88.851841	46.702304	61.755078	82.811051	68.45694	75.699548	74.510906	60.763967	88.851841	46.702304	103.68296	164.942	114.1776	155.77029	117.23994	121.50539	156.63589	125.29347	128.4102	96.47463	159.16127	93.7262	150.57497	198.78206	134.15999	204.84298	120.12453	204.59021	105.87572	198.02445	85.67267	177.06378	95.52166	186.40769
56.68943	123.7552	60.905539	149.9065	66.25376	92.411284	61.878611	82.603484	69.907876	75.711815	75.09858	61.821957	88.774356	46.518853	61.879349	82.588802	67.720792	75.66546	74.230627	60.199335	88.774356	46.518853	103.68296	164.942	114.1776	155.77029	117.323	121.30125	156.33542	125.21029	129.11648	95.826917	159.36042	93.906431	150.75691	198.48768	134.36018	204.53765	120.60173	204.00079	106.06529	197.76144	85.851476	176.91622	95.797604	186.14671
55.196349	122.54015	61.667952	149.41205	65.90501	91.521045	62.219427	82.179804	69.193089	75.733635	74.791184	61.328599	88.846233	46.36108	62.220165	82.165122	66.874498	75.48668	73.955914	59.33819	88.846233	46.36108	101.58257	164.1843	119.58895	155.81836	118.35039	121.09176	155.76825	125.0614	130.07717	95.882189	159.68662	94.232625	151.0924	197.78238	134.81011	203.88511	121.33032	203.01184	106.42136	197.30806	86.146498	176.65366	96.349486	185.6932
55.196349	122.54015	62.445351	148.9457	65.44273	90.85613	62.623182	81.739531	68.45694	75.699548	74.510906	60.763967	89.011477	46.176271	62.62392	81.724849	66.785714	75.397896	73.93436	59.11295	89.011477	46.176271	101.58257	164.1843	119.58895	155.81836	119.65164	120.93346	155.11783	124.88148	131.09967	96.075439	160.05246	94.603202	151.4672	196.99825	135.3007	203.13009	121.53308	202.6964	106.8361	196.76832	86.501846	176.3383	96.969182	185.18918
55.196349	122.54015	63.22275	148.47936	64.98045	90.191216	63.026936	81.299258	67.720792	75.66546	74.230627	60.199335	89.17672	45.991461	63.027674	81.284576	66.69693	75.309111	73.912806	58.88771	89.17672	45.991461	101.58257	164.1843	119.58895	155.81836	120.95289	120.77517	154.46742	124.70155	132.12217	96.26869	160.41831	94.973778	151.84199	196.21412	135.79129	202.37507	121.73584	202.38096	107.25085	196.22858	86.857193	176.02293	97.588878	184.68516
53.33247	120.9326	64.015135	148.04112	64.17707	89.741413	63.681643	80.698081	66.874498	75.48668	73.955914	59.33819	89.583316	45.633818	63.682381	80.683399	66.497791	75.141725	73.999309	58.56625	89.583316	45.633818	99.05719	163.6793	124.97599	156.30443	123.11728	120.66842	153.41706	124.38696	133.20648	96.599919	160.82381	95.388737	152.42568	195.0463	136.50396	201.15998	122.10332	201.6445	107.93642	195.29823	87.482917	175.47539	98.549989	183.89915
53.33247	120.9326	64.816488	147.63044	63.9495	89.731199	63.869656	80.55377	66.785714	75.397896	73.93436	59.11295	89.731304	45.48802	63.870394	80.539088	66.319971	74.857014	74.158832	58.242984	89.731304	45.48802	99.05719	163.6793	124.97599	156.30443	123.70655	120.66876	153.10035	124.28331	134.15999	96.50412	161.18157	95.7465	152.59527	194.74145	136.68537	200.80237	122.52047	200.81848	108.14856	194.99399	87.69297	175.29602	98.82359	183.66765
53.33247	120.9326	66.070025	146.89646	63.72193	89.720985	64.057669	80.409459	66.69693	75.309111	73.912806	58.88771	89.879292	45.342222	64.058407	80.394777	66.142151	74.572302	74.318356	57.919718	89.879292	45.342222	99.05719	163.6793	124.97599	156.30443	124.29582	120.6691	152.78364	124.17966	135.18666	96.400971	161.83696	96.448946	152.76485	194.43659	136.86678	200.44476	122.93762	199.99246	108.3607	194.68975	87.903023	175.11665	99.09719	183.43615
52.031645	119.6103	67.34226	146.19353	63.03083	89.680427	64.385976	80.179002	66.497791	75.141725	73.999309	58.56625	90.17262	45.307721	64.386714	80.16432	65.983897	73.891224	74.686164	57.478414	90.17262	45.307721	97.19706	162.6691	129.31583	156.41648	125.59868	120.83638	152.13405	123.91167	136.21684	96.26108	162.48357	97.145352	153.09093	193.91041	137.34931	199.64506	123.60519	198.74007	108.81159	193.94263	88.34911	174.67103	99.649603	182.94802
52.031645	119.6103	68.631247	145.52149	62.2061	89.572239	64.758728	79.921039	66.319971	74.857014	74.158832	58.242984	90.568332	45.353629	64.759466	79.906357	65.982143	73.612182	74.821429	57.362182	90.568332	45.353629	97.19706	162.6691	129.31583	156.41648	127.06224	121.02452	151.38187	123.61624	137.23288	96.059086	163.17472	97.817275	153.46412	193.31316	137.87667	198.75062	123.80592	198.40325	109.33125	193.10848	88.898448	174.17739	100.26542	182.40985
52.031645	119.6103	69.920235	144.84945	61.38137	89.46405	65.131481	79.663076	66.142151	74.572302	74.318356	57.919718	90.964044	45.399537	65.132219	79.648394	65.980389	73.33314	74.956693	57.24595	90.964044	45.399537	97.19706	162.6691	129.31583	156.41648	128.52579	121.21265	150.6297	123.3208	138.24891	95.857091	163.86587	98.489198	153.8373	192.71591	138.40404	197.85617	124.00665	198.06643	109.8509	192.27434	89.447786	173.68376	100.88123	181.87168
50.04947	117.6496	71.225974	144.20829	60.42299	89.288233	65.731577	79.250438	65.983897	73.891224	74.686164	57.478414	91.740901	45.613775	65.732315	79.235756	66.266367	72.759149	75.3011	57.037431	91.740901	45.613775	95.34921	161.659	133.65691	156.47319	130.76605	121.46352	149.41143	122.89121	139.25081	95.592994	164.60156	99.13664	154.43658	191.75302	139.15663	196.4987	124.43726	197.45623	110.68289	191.027	90.411902	172.95636	101.82405	181.06767
50.04947	117.6496	72.54652	143.59787	59.66087	89.0075	65.914475	79.12327	65.982143	73.612182	74.821429	57.362182	92.019662	45.701695	65.915213	79.108588	66.644169	72.162449	75.724753	56.775484	92.019662	45.701695	95.34921	161.659	133.65691	156.47319	131.38207	121.50539	149.04791	122.78449	140.22091	95.24143	165.43511	99.741159	154.61558	191.45846	139.33702	196.13041	124.91806	196.76183	110.92648	190.70084	90.72343	172.77063	102.08765	180.85185
50.04947	117.6496	73.867065	142.98744	58.89875	88.726768	66.097373	78.996102	65.980389	73.33314	74.956693	57.24595	92.298423	45.789615	66.098111	78.98142	67.021972	71.56575	76.148406	56.513537	92.298423	45.789615	95.34921	161.659	133.65691	156.47319	131.99809	121.54726	148.68439	122.67777	140.89362	94.99764	166.02428	100.16235	154.79458	191.1639	139.51741	195.76212	125.39886	196.06743	111.17007	190.37468	91.034958	172.5849	102.35125	180.63603
47.572917	115.5547	75.202417	142.40775	58.27025	88.110865	66.463258	78.765778	66.266367	72.759149	75.3011	57.037431	92.998832	46.014513	66.463996	78.751096	67.674371	70.761405	76.877431	56.033187	92.998832	46.014513	94.5115	160.2238	137.99723	156.53443	133.17676	121.71809	147.84651	122.54461	141.60714	94.763615	166.76589	100.89158	155.22573	190.55377	139.88666	195.08305	126.13057	194.952	111.68572	189.78558	91.819924	172.10203	102.80026	180.25717
47.572917	115.5547	76.550629	141.85862	57.85784	87.452571	66.906772	78.546342	66.644169	72.162449	75.724753	56.775484	93.766099	46.273877	66.90751	78.53166	67.857143	70.576467	77.103557	55.868213	93.766099	46.273877	94.5115	160.2238	137.99723	156.53443	134.49597	121.91931	146.93594	122.37638	142.26922	94.455011	167.50485	101.6209	155.71224	189.86462	140.31029	194.33051	126.3313	194.61518	112.26146	189.13063	92.686953	171.68606	103.34049	179.82533
47.572917	115.5547	77.89884	141.30949	57.44544	86.794277	67.350287	78.326907	67.021972	71.56575	76.148406	56.513537	94.533366	46.533241	67.351025	78.312225	68.039915	70.391529	77.329682	55.703239	94.533366	46.533241	94.5115	160.2238	137.99723	156.53443	135.81519	122.12052	146.02537	122.20815	142.93131	94.146407	168.24381	102.35023	156.19874	189.17547	140.73393	193.57796	126.53203	194.27836	112.8372	188.47568	93.553982	171.27008	103.88073	179.39349
44.49363	112.8514	79.259911	140.79093	57.30029	85.868442	68.11814	78.076553	67.674371	70.761405	76.877431	56.033187	95.640585	46.939961	68.118878	78.061871	68.276212	70.110639	77.934306	55.15465	95.640585	46.939961	96.53181	158.881	142.33478	156.66007	137.86404	122.43384	144.71494	121.8814	143.54197	93.763225	169.26938	103.29043	156.94077	188.10198	141.4109	192.42088	126.92114	193.53642	113.71498	187.46009	94.822962	170.96194	104.82643	178.69479
44.49363	112.8514	80.631897	140.30277	57.35144	85.643293	68.364849	78.034746	67.857143	70.576467	77.103557	55.868213	95.913681	47.052852	68.365587	78.020064	68.571882	69.815535	78.648338	54.666413	95.913681	47.052852	96.53181	158.881	142.33478	156.66007	138.45314	122.51555	144.38779	121.75793	144.00898	93.22112	169.55865	103.50122	157.14096	187.79665	141.60986	192.0898	127.34962	192.71302	113.95694	187.16531	95.14285	171.00287	105.14067	178.48091
44.49363	112.8514	82.003882	139.81462	57.40259	85.418144	68.611558	77.992939	68.039915	70.391529	77.329682	55.703239	96.186777	47.165743	68.612296	77.978257	68.867552	69.520431	79.36237	54.178176	96.186777	47.165743	96.53181	158.881	142.33478	156.66007	139.04224	122.59726	144.06064	121.63446	144.43171	92.730415	169.84792	103.71201	157.34115	187.49132	141.80882	191.75872	127.7781	191.88961	114.1989	186.87053	95.462738	171.0438	105.45492	178.26703
42.801731	111.04547	83.386781	139.35687	57.67369	84.701529	69.143989	77.887917	68.276212	70.110639	77.934306	55.15465	96.751396	47.213277	69.144727	77.873235	69.432726	69.090219	80.51769	53.788509	96.751396	47.213277	98.80465	157.8709	148.36251	156.41261	140.34077	122.94226	143.45614	121.47159	144.71192	92.135653	170.98275	105.10922	157.75065	186.88116	142.22293	191.09129	128.42505	190.65338	114.67646	186.25042	96.040893	171.1987	106.27827	177.62526
42.801731	111.04547	84.778647	138.92936	58.05903	83.781378	69.742187	77.764461	68.571882	69.815535	78.648338	54.666413	97.367626	47.241843	69.742925	77.749779	69.642857	68.969324	80.84957	53.826726	97.367626	47.241843	98.80465	157.8709	148.36251	156.41261	141.71038	123.32368	142.77648	121.26525	144.90897	91.503222	172.34595	106.72718	158.22103	186.21047	142.69276	190.3526	128.60415	190.32203	115.20199	185.57213	96.549887	171.48688	107.17678	177.086
42.801731	111.04547	86.170513	138.50186	58.44437	82.861227	70.340385	77.641005	68.867552	69.520431	79.36237	54.178176	97.983856	47.270409	70.341123	77.626323	69.852988	68.848429	81.18145	53.864943	97.983856	47.270409	98.80465	157.8709	148.36251	156.41261	143.07998	123.70511	142.09681	121.0589	145.10603	90.87079	173.70914	108.34513	158.6914	185.53977	143.16259	189.61391	128.78325	189.99068	115.72752	184.89383	97.058881	171.77506	108.07529	176.54673
40.77953	108.7955	87.571348	138.1046	58.94396	81.73754	71.259239	77.441339	69.432726	69.090219	80.51769	53.788509	98.891464	47.298518	71.259977	77.426657	70.135506	68.656807	81.822102	53.976711	98.891464	47.298518	101.33003	157.3658	154.38212	156.01591	144.95732	124.23668	141.02806	120.66035	145.21993	90.20069	175.90208	110.73072	159.4445	184.53484	143.89906	188.49588	129.11937	189.35918	116.51794	183.89355	97.520337	172.48358	109.35637	176.20807
40.77953	108.7955	88.979203	137.73742	59.45208	80.698245	71.514127	77.383566	69.642857	68.969324	80.84957	53.826726	99.131233	47.317028	71.514865	77.368884	70.458606	68.43497	82.54478	54.10783	99.131233	47.317028	101.33003	157.3658	154.38212	156.01591	145.39399	124.35039	140.71415	120.51165	145.31006	89.55931	176.50345	111.2776	159.66634	184.26112	144.10998	188.18781	129.4952	188.66855	116.73486	183.62977	97.54196	172.77063	109.66379	176.30616
40.77953	108.7955	90.387059	137.37025	59.96019	79.65895	71.769015	77.325793	69.852988	68.848429	81.18145	53.864943	99.371002	47.335538	71.769753	77.311111	70.781707	68.213133	83.267458	54.238949	99.371002	47.335538	101.33003	157.3658	154.38212	156.01591	145.83067	124.46411	140.40023	120.36295	145.41862	88.786734	177.10482	111.82448	159.88818	183.9874	144.3209	187.87974	129.87102	187.97791	116.95178	183.36599	97.563583	173.05768	109.97121	176.40425
39.228222	107.08107	91.801936	137.03316	60.59621	78.422536	72.261754	77.287858	70.135506	68.656807	81.822102	53.976711	99.827946	47.336049	72.262492	77.273176	71.331624	67.840202	84.402152	54.447229	99.827946	47.336049	103.85541	156.8607	160.39801	155.55445	146.49144	124.68197	139.69516	120.10696	144.99585	87.790901	178.51738	114.0312	160.24266	183.24302	144.71656	187.26605	130.4555	186.94418	117.35141	182.85275	97.091481	173.55312	110.52737	176.4801
39.228222	107.08107	93.221888	136.726	61.1521	77.361476	72.853675	77.243442	70.458606	68.43497	82.54478	54.10783	100.29699	47.371898	72.854413	77.22876	71.517857	67.719324	84.732143	54.505039	100.29699	47.371898	103.85541	156.8607	160.39801	155.55445	147.22168	124.93214	138.8736	119.82912	144.72096	86.902135	179.97953	115.93785	160.68012	182.54467	145.18063	186.59953	130.62445	186.66023	117.79865	182.31146	96.502784	174.07632	110.98113	176.65135
39.228222	107.08107	94.64184	136.41883	61.70798	76.300416	73.445596	77.199027	70.781707	68.213133	83.267458	54.238949	100.76604	47.407747	73.446334	77.184345	71.70409	67.598446	85.062134	54.562849	100.76604	47.407747	103.85541	156.8607	160.39801	155.55445	147.95192	125.18231	138.05205	119.55128	144.44606	86.013369	181.44168	117.8445	161.11757	181.84631	145.64471	185.93301	130.7934	186.37627	118.2459	181.77016	95.914088	174.59952	111.4349	176.82259
37.2451	104.8268	96.066868	136.14159	62.27752	75.245772	74.462507	77.106281	71.331624	67.840202	84.402152	54.447229	101.39128	47.558865	73.760583	77.281183	72.077734	67.437622	85.884194	54.779979	101.39128	47.558865	106.37214	156.1118	166.41456	155.11268	149.1089	125.58629	136.72409	119.13356	144.31905	85.23167	183.35325	119.12441	161.91486	181.14919	146.41947	184.95397	131.08931	185.85807	118.94445	181.01279	94.986418	175.34951	111.73517	177.32904
37.2451	104.8268	97.495025	135.89411	62.37131	75.076834	74.788315	77.064432	71.517857	67.719324	84.732143	54.505039	101.53537	47.638797	74.789053	77.04975	72.508176	67.2535	86.758085	55.01145	101.53537	47.638797	106.37214	156.1118	166.41456	155.11268	149.46617	125.70778	136.33418	119.01551	145.01913	84.88736	183.7531	118.79773	162.19172	181.10439	146.66175	184.69428	131.44756	185.27537	119.14814	180.82477	94.76404	175.54855	111.68409	177.56886
37.2451	104.8268	98.883118	135.81489	62.4651	74.907896	75.114123	77.022583	71.70409	67.598446	85.062134	54.562849	101.67946	47.718728	75.817523	76.818317	72.938619	67.069379	87.907303	55.577077	101.67946	47.718728	106.37214	156.1118	166.41456	155.11268	149.82344	125.82927	135.94426	118.89746	145.42062	84.689901	184.15295	118.47105	162.46858	181.05959	146.90403	184.43459	131.80582	184.69267	119.35183	180.63675	94.541662	175.74759	111.633	177.80868
35.691957	102.95597	100.27262	135.7323	62.5228	74.390156	75.790108	76.904689	72.077734	67.437622	85.884194	54.779979	101.81716	47.748025	76.425937	76.834669	73.632573	66.754929	87.262359	54.856487	101.81716	47.748025	108.83835	155.598	167.67726	157.17292	150.7071	126.05221	135.28297	118.63985	145.75191	84.990973	182.96649	116.43255	162.97126	181.08761	147.40785	183.74297	132.43559	183.77448	119.88803	180.09488	94.152215	176.1002	111.032	178.25959
35.691957	102.95597	101.66316	135.6499	62.57453	73.736894	76.548335	76.816772	72.508176	67.2535	86.758085	55.01145	102.09333	47.853202	76.771892	76.988005	73.839286	66.647896	86.563174	54.670136	102.09333	47.853202	108.83835	155.598	167.67726	157.17292	151.6875	126.30248	134.52549	118.34671	146.06972	85.411846	181.42561	114.15766	163.43954	181.27213	147.98466	183.02928	132.64476	183.5035	120.49802	179.60601	93.697413	176.47929	110.30234	178.77232
35.691957	102.95597	103.05369	135.56751	62.62626	73.083633	77.306562	76.728855	72.938619	67.069379	87.631976	55.24292	102.3695	47.95838	77.117846	77.141341	74.045999	66.540863	85.372915	54.366782	102.3695	47.95838	108.83835	155.598	167.67726	157.17292	152.66791	126.55275	133.76801	118.05357	146.38753	85.832718	179.88472	111.88277	163.90782	181.45665	148.56146	182.31559	132.85393	183.23252	121.10801	179.11714	93.242612	176.85838	109.57267	179.28506
33.70846	100.4617	104.44527	135.48531	62.67201	72.294849	78.474421	76.709944	73.632573	66.754929	88.557698	55.488731	103.13315	48.331167	77.201341	77.43166	74.543024	66.443412	85.508775	54.393454	103.13315	48.331167	111.6841	155.3455	168.80001	159.32528	154.11718	126.9458	132.52702	117.59485	146.69187	86.37339	177.48048	108.73535	164.41134	182.0883	149.47834	181.4058	133.28752	182.48733	122.04125	178.69328	92.480558	177.4164	108.43144	180.10321
33.70846	100.4617	105.83753	135.40689	62.74189	71.583824	78.801809	76.748974	73.839286	66.647896	89.095013	55.603902	103.48214	48.522896	77.179971	77.748161	75.041197	66.365641	85.169528	54.32757	103.48214	48.522896	111.6841	155.3455	168.80001	159.32528	154.48931	127.06123	132.13969	117.46478	147.03944	86.65513	176.97155	108.09921	164.48097	182.37891	149.74544	181.23179	133.83082	181.77211	122.29069	178.70528	92.23866	177.56886	108.14856	180.34678
33.70846	100.4617	107.22979	135.32846	62.81177	70.872799	79.129198	76.788004	74.045999	66.540863	90.269812	55.606872	103.83113	48.714624	77.158601	78.064662	75.53937	66.28787	84.529603	54.197156	103.02713	48.643336	111.6841	155.3455	168.80001	159.32528	154.86143	127.17667	131.75236	117.33471	147.52989	87.052687	176.46262	107.46307	164.5506	182.66952	150.01254	181.05778	134.37413	181.05689	122.54013	178.71728	91.996762	177.72132	107.86568	180.59035
32.233849	98.459344	108.62273	135.2538	63.14163	70.057171	79.759217	76.774788	74.543024	66.443412	89.458065	55.320731	104.68941	49.216207	77.166297	78.809131	76.144346	66.215624	83.359335	53.641253	102.58748	48.770909	120.01785	155.3455	170.02367	161.42035	155.65072	127.35478	130.97385	116.94534	148.02981	87.438573	175.39815	106.14403	164.28311	183.27592	150.86238	180.61883	135.35118	180.29607	122.98548	178.98753	91.506186	177.95809	107.10784	181.2109
32.233849	98.459344	110.01597	135.18648	63.5485	69.370355	80.430776	76.755394	75.041197	66.365641	88.267806	55.017376	105.62995	49.751407	77.092794	79.067193	76.25	66.201468	82.444701	52.976646	102.16275	48.903151	120.01785	155.3455	170.02367	161.42035	156.52055	127.55703	130.11321	116.49906	148.53596	87.816232	174.34523	104.85707	163.90893	183.96271	151.76616	180.31645	135.67521	180.22051	123.38256	179.40376	90.912981	178.23564	106.26301	181.90222
32.233849	98.459344	111.40922	135.11915	63.95537	68.683538	81.102335	76.735999	75.53937	66.28787	87.077547	54.714022	106.57048	50.286608	77.019292	79.325256	76.355654	66.187312	81.530067	52.31204	101.73801	49.035394	120.01785	155.3455	170.02367	161.42035	157.39038	127.75928	129.25258	116.05278	149.04211	88.193891	173.2923	103.57011	163.53475	184.6495	152.66994	180.01407	135.99923	180.14495	123.77963	179.81999	90.319775	178.51319	105.41817	182.59354
30.2725	95.6725	112.80279	135.05917	64.62819	68.027641	82.062207	76.717579	76.144346	66.215624	85.508775	54.393454	107.93228	51.018529	77.050824	80.068767	76.770956	66.164991	81.062373	51.256117	101.32819	49.172305	122.91771	155.72	171.58913	163.30876	158.68786	128.09166	127.95191	115.37077	149.5545	88.563323	172.01954	102.06132	162.87534	185.72279	153.86908	180.03438	136.88209	179.8717	124.15658	180.68016	89.29773	178.98934	104.17087	183.61897
30.2725	95.6725	114.1963	135.01009	64.81714	67.92975	82.308981	76.724734	76.25	66.201468	85.169528	54.32757	108.27129	51.18163	77.106451	80.671788	77.186568	66.146208	81.253679	50.973504	100.93282	49.311423	122.91771	155.72	171.58913	163.30876	159.03499	128.19766	127.594	115.19194	150.06989	88.92797	171.78817	101.80742	162.69679	186.02889	154.1105	180.22051	137.74759	179.76975	124.18474	180.97812	88.97152	179.14715	103.85541	183.88231
30.2725	95.6725	115.58981	134.96102	65.00609	67.831859	82.555755	76.731889	76.355654	66.187312	84.529603	54.197156	108.6103	51.344731	77.135571	81.32926	77.602181	66.127426	81.444985	50.690891	100.53744	49.45054	122.91771	155.72	171.58913	163.30876	159.38212	128.30365	127.23609	115.01311	150.62737	89.322399	171.5568	101.55352	162.51824	186.33499	154.35192	180.40664	138.61309	179.66781	124.2129	181.27608	88.64531	179.30496	103.53996	184.14564
28.500872	92.967876	116.98328	134.92285	65.56665	67.60102	83.94823	76.695017	76.770956	66.164991	83.359335	53.641253	109.15448	51.506781	77.141931	81.961677	78.071552	66.112182	82.228487	50.410082	100.15652	49.591863	125.67832	156.1031	173.27112	165.69663	159.79273	128.35425	126.501	114.66687	151.19254	89.705851	171.05918	101.09996	162.06458	186.93363	154.16448	180.96988	139.58852	180.04197	123.69746	181.84434	87.832038	179.7027	102.96087	184.62922
28.500872	92.967876	118.37633	134.89916	66.27437	67.286267	85.377053	76.730615	77.186568	66.146208	82.444701	52.976646	109.72438	51.679542	77.154722	82.602042	78.125	66.112182	83.11818	50.166909	99.789593	49.732928	125.67832	156.1031	173.27112	165.69663	160.33741	128.43197	125.68628	114.25435	151.76192	90.083075	170.45547	100.56259	161.56671	187.61414	153.85257	181.61534	139.71582	180.34678	123.06967	182.48014	86.936761	180.13834	102.33982	185.15241
28.500872	92.967876	119.76938	134.87547	66.9821	66.971513	86.805876	76.766214	77.602181	66.127426	81.530067	52.31204	110.29429	51.852303	77.167513	83.242406	78.178448	66.112182	84.007873	49.923736	99.422664	49.873994	125.67832	156.1031	173.27112	165.69663	160.8821	128.50969	124.87157	113.84183	152.33129	90.4603	169.85176	100.02522	161.06885	188.29466	153.54065	182.26081	139.84311	180.65159	122.44188	183.11593	86.041485	180.57398	101.71877	185.6756
26.35329	89.5938	121.16202	134.86626	67.837	66.572846	88.467131	77.022798	78.071552	66.112182	81.062373	51.256117	111.11087	52.138749	77.186735	83.890718	78.779864	66.113445	85.311792	49.652162	99.069728	50.014801	128.19144	156.6082	174.81677	168.26297	162.00256	128.72176	123.63904	113.14106	152.90486	90.831298	168.8141	99.109435	160.3491	189.37387	152.97604	183.246	139.36127	181.65171	121.49115	184.10333	84.737092	181.20223	100.81408	186.44932
26.35329	89.5938	122.55388	134.8751	68.61464	66.139299	88.663215	77.171314	78.125	66.112182	81.253679	50.973504	111.33183	52.241723	77.241582	84.57998	79.37971	66.102915	85.619828	49.586126	98.730325	50.152887	128.19144	156.6082	174.81677	168.26297	162.44426	128.829	123.30085	112.91909	153.47916	91.20082	168.48623	98.81484	160.17142	189.69069	152.84781	183.50351	138.77285	182.7227	121.28055	184.38739	84.40998	181.35693	100.57242	186.66023
26.35329	89.5938	123.94574	134.88394	69.39228	65.705752	88.859298	77.31983	78.178448	66.112182	81.444985	50.690891	111.55279	52.344697	77.351276	85.958505	79.979556	66.092386	85.927863	49.52009	98.390922	50.290974	128.19144	156.6082	174.81677	168.26297	162.88596	128.93624	122.96265	112.69712	154.08322	91.589495	168.15836	98.520245	159.99374	190.00751	152.71958	183.76102	138.18444	183.79369	121.06995	184.67145	84.082868	181.51163	100.33075	186.87114
25.041251	87.460683	125.33682	134.91082	70.31604	64.971782	88.830586	77.813584	78.779864	66.113445	82.228487	50.410082	112.23662	52.460559	77.461883	86.930761	80.601416	66.04648	86.561014	49.575083	98.065053	50.426338	132.8973	156.6082	175.78362	171.00317	163.81477	129.2293	122.22641	112.24178	154.71248	91.940717	167.3504	97.831776	159.57331	190.66001	152.40588	184.30919	137.33994	185.22968	120.64905	185.26071	83.50394	181.77422	99.942527	187.20237
25.041251	87.460683	126.72677	134.95932	71.10985	64.237901	88.758258	78.391885	79.37971	66.102915	83.11818	50.166909	112.93263	52.650881	77.434481	87.647414	80.625	66.022896	87.266104	49.696807	97.75226	50.556518	132.8973	156.6082	175.78362	171.00317	164.92636	129.50686	121.46933	111.6908	155.33382	92.303265	166.45694	97.052152	159.09185	191.41214	152.02855	184.91349	137.19044	185.52381	120.17558	185.92626	82.885879	182.05623	99.493156	187.59937
25.041251	87.460683	128.11671	135.00783	71.90365	63.50402	88.68593	78.970187	79.979556	66.092386	84.007873	49.923736	113.62865	52.841202	77.407079	88.364067	80.648584	65.999312	87.971194	49.81853	97.439466	50.686698	132.8973	156.6082	175.78362	171.00317	166.03795	129.78442	120.71224	111.13982	155.95516	92.665812	165.56348	96.272528	158.61038	192.16426	151.65122	185.51779	137.04094	185.81794	119.70211	186.59181	82.267818	182.33825	99.043786	187.99636
23.54829	84.90766	129.50551	135.07795	72.69641	62.55363	88.580798	79.876391	80.601416	66.04648	85.311792	49.652162	114.47167	53.306387	77.24167	88.825118	81.251646	65.932347	89.04612	50.107428	97.139748	50.811693	135.52731	156.6082	175.7292	173.91264	167.91876	130.06908	119.72355	110.19092	156.56857	93.039685	164.24958	95.072145	157.85696	193.37366	151.01888	186.41922	136.76716	186.29133	118.96561	187.62829	81.368802	182.75593	98.290157	188.6961
23.54829	84.90766	130.89281	135.17326	72.82532	62.337033	88.59161	80.119745	80.625	66.022896	85.619828	49.586126	114.6065	53.506792	76.799335	89.181234	81.904424	65.871279	89.344016	50.207872	96.852645	50.929039	135.52731	156.6082	175.7292	173.91264	168.50518	130.09169	119.51278	109.88864	157.14096	93.47366	163.91464	94.74254	157.64604	193.7313	150.82751	186.66023	136.44668	186.8333	118.75516	187.92292	81.12698	182.87216	98.04704	188.93308
23.54829	84.90766	132.62773	135.42728	72.95423	62.120436	88.602422	80.363099	80.648584	65.999312	85.927863	49.52009	114.74133	53.707197	76.357001	89.53735	81.648413	66.266682	89.641912	50.308315	96.565543	51.046386	135.52731	156.6082	175.7292	173.91264	169.0916	130.1143	119.30201	109.58637	157.68694	93.887619	163.5797	94.412935	157.43512	194.08894	150.63613	186.90123	136.12619	187.37526	118.54471	188.21755	80.885158	182.98839	97.803923	189.17006
22.65874	83.19719	134.3608	135.69425	73.44788	61.481053	88.372059	80.971139	81.251646	65.932347	86.561014	49.575083	115.26288	54.280494	75.637741	89.788531	81.399571	66.660518	90.237251	50.531551	96.291058	51.156084	138.19194	157.1046	174.93486	175.86605	170.41744	129.94603	118.8441	108.9593	158.20977	94.332621	162.99455	93.71466	157.01533	194.87841	150.10382	187.51386	135.59084	188.27004	118.12396	188.79632	80.337231	183.40841	97.271151	189.73752
22.65874	83.19719	136.09177	135.97427	74.10805	60.670936	88.128884	81.628554	81.904424	65.871279	87.266104	49.696807	115.76099	54.921717	74.502637	90.085443	81.159061	67.052509	90.897987	50.781464	96.02873	51.255669	138.19194	157.1046	174.93486	175.86605	171.91233	129.72998	118.51	108.24782	158.71349	94.798873	162.34937	92.973642	156.54249	195.75195	149.52454	188.21913	135.42268	188.55427	117.65052	189.454	79.808051	183.74721	96.657142	190.3931
22.65874	83.19719	137.82274	136.25429	74.76821	59.860819	87.885709	82.285969	82.557202	65.810211	87.971194	49.81853	116.2591	55.56294	73.625034	90.292325	80.918551	67.4445	91.558723	51.031377	95.766402	51.355255	138.19194	157.1046	174.93486	175.86605	173.40722	129.51392	118.17591	107.53635	159.21722	95.265125	161.70419	92.232623	156.06965	196.62548	148.94525	188.92439	135.25452	188.8385	117.17708	190.11167	79.27887	184.086	96.043133	191.04867
21.52798	80.86705	139.55162	136.54736	75.59488	58.879969	87.609504	83.213184	83.370919	65.755039	89.04612	50.107428	116.75431	56.508141	72.769447	90.485479	80.686374	67.834645	92.564603	51.411545	95.516231	51.444729	140.84792	157.4877	173.62593	177.45382	175.70252	129.16581	118.10786	106.42052	159.70184	95.752626	160.71147	91.19857	155.33221	197.93004	148.12935	190.02808	134.87709	189.50179	116.44037	191.15335	78.768436	184.34356	95.063853	192.08708
21.52798	80.86705	141.27818	136.85356	76.38982	57.980439	87.589286	83.43361	83.482143	65.755039	89.344016	50.207872	116.77485	56.744195	71.958316	90.55398	80.463695	68.222666	92.844347	51.515122	95.27776	51.521627	140.84792	157.4877	173.62593	177.45382	176.33386	129.08154	118.25009	106.10057	160.17142	96.25158	160.42396	90.94828	155.12066	198.27699	147.93972	190.33386	134.4463	190.23589	116.22978	191.45846	78.6016	184.13485	94.77982	192.3818
21.52798	80.86705	143.00473	137.15976	77.18477	57.080909	87.569068	83.654036	83.593367	65.755039	89.641912	50.308315	116.79539	56.980249	71.524692	90.594984	80.241015	68.610688	93.124091	51.618699			140.84792	157.4877	173.62593	177.45382	176.9652	128.99727	118.39233	105.78062	160.50939	96.610687	160.13644	90.697989	154.90911	198.62395	147.75009	190.63964	134.01552	190.96998	116.01919	191.76357			94.495787	192.67652
20.540945	78.554995	144.72896	137.47909	78.14234	55.992147	86.834095	83.99297	83.941928	65.737747	90.237251	50.531551	116.78018	57.381565	71.008876	90.749886	80.027833	68.996584	93.611143	51.737171			143.60853	157.8709	171.86864	178.31492	178.30149	128.64183	119.06511	105.46476	160.80702	97.004996	159.60031	90.339814	154.46975	199.30287	147.34692	191.21594	133.34061	192.05861	115.58833	192.40172			93.90895	193.42532
20.540945	78.554995	146.45063	137.81165	78.96612	55.047139	86.049615	84.368017	84.36742	65.706779	90.897987	50.781464	116.68168	57.85422	70.511507	90.898623	79.825313	69.380077	94.165797	51.943359			143.60853	157.8709	171.86864	178.31492	179.72726	128.35891	119.87102	105.16584	161.10427	97.399655	158.99374	89.939194	153.98729	200.0291	146.9066	191.86811	133.14983	192.34234	115.10987	193.11803			93.242626	194.17883
20.540945	78.554995	148.1723	138.1442	79.78991	54.102132	85.265135	84.743064	84.792913	65.675812	91.558723	51.031377	116.58318	58.326876	70.014138	91.047361	79.622792	69.76357	93.406013	52.184802			143.60853	157.8709	171.86864	178.31492	181.15302	128.076	120.67694	104.86693	161.40153	97.794313	158.38718	89.538574	153.50482	200.75533	146.46627	192.52028	132.95905	192.62607	114.63142	193.83434			92.576302	194.93234
19.25514	75.56375	149.8914	138.48998	80.60982	53.138625	84.322024	85.336663	85.504811	65.603818	92.564603	51.411545	116.24509	59.131575	69.3553	91.198104	79.430934	70.14466	92.682286	52.458954			146.29409	158.1234	169.7292	178.08835	183.16286	127.96849	121.95334	104.45888	161.69841	98.189322	157.42557	88.885474	152.78726	201.79696	145.81962	193.55294	132.58162	193.09996	113.90488	194.93766			91.5295	195.84735
19.25514	75.56375	151.60772	138.84908	80.73972	52.97637	84.2129	85.519102	85.714286	65.576467	92.844347	51.515122	116.08878	59.39228	69.175384	91.206275	79.250902	70.523066	91.993944	52.765947			146.29409	158.1234	169.7292	178.08835	183.65746	128.07138	122.2907	104.3328	162.03489	98.54983	157.14096	88.67544	152.59527	202.06506	145.65047	193.85757	132.15649	193.64477	113.7044	195.24653			91.22851	196.00414
19.25514	75.56375	153.32403	139.20817	80.86962	52.814115	84.103776	85.701541	85.923761	65.549116	93.124091	51.618699	115.93247	59.652985	68.995467	91.214446	79.07087	70.901473	91.305602	53.07294			146.29409	158.1234	169.7292	178.08835	184.15206	128.17427	122.62806	104.20672	162.45186	98.996579	156.85635	88.465405	152.40328	202.33316	145.48132	194.1622	131.73137	194.18959	113.50392	195.5554			90.92752	196.16093
18.232888	73.512464	155.03755	139.58057	81.28924	52.383199	83.902261	86.052286	86.69192	65.593157	93.611143	51.737171	115.55073	59.978425	68.521422	91.1773	78.902664	71.277197	90.652645	53.412775			149.1521	158.376	166.196	177.17766	184.94679	128.04072	122.24075	103.10666	162.89229	99.420559	156.21341	87.972356	152.08234	202.73211	145.17553	194.70893	131.06777	195.08907	113.17299	196.1624			90.258908	196.40058
18.232888	73.512464	156.74804	139.96637	81.84635	51.874544	83.659315	86.434756	87.503541	65.666658	94.165797	51.943359	115.0657	60.306852	67.962949	91.138438	78.74745	71.649959	90.034402	53.785582			149.1521	158.376	166.196	177.17766	185.59931	128.14552	121.97854	102.01994	163.34354	99.833358	155.52116	87.431099	151.71394	203.1978	144.81238	195.34809	130.87699	195.3728	112.77157	196.84147			89.621043	196.54434
18.232888	73.512464	158.45853	140.35218	82.40346	51.365889	83.416369	86.817225	88.315162	65.740159	94.72045	52.149547	114.58068	60.63528	67.404476	91.099576	78.592235	72.022721	89.41616	54.15839			149.1521	158.376	166.196	177.17766	186.25183	128.25032	121.71633	100.93322	163.79479	100.24616	154.8289	86.889843	151.34555	203.66348	144.44924	195.98724	130.68621	195.65653	112.37014	197.52055			88.983177	196.68811
16.9823	70.76553	160.16599	140.75138	83.09806	50.779495	82.994567	87.386086	89.361909	65.888365	95.617781	52.670674	113.70766	61.103021	66.502762	91.059653	78.450012	72.392522	88.83263	54.56417			152.11474	158.6285	162.68655	176.17034	186.72503	129.1216	121.99809	99.823476	164.25686	100.64778	153.84638	86.09895	150.73879	204.46338	143.82945	197.05596	130.31819	196.29822	111.657	198.57028			88.376058	196.73598
16.9823	70.76553	161.87018	141.16407	83.77795	50.306285	82.857143	87.540753	89.553572	65.93361	95.892857	52.897896	113.42295	61.239348	66.243948	91.060307	78.321944	72.759081	88.283143	55.003055			152.11474	158.6285	162.68655	176.17034	186.68792	129.64975	122.41697	99.787114	164.7171	101.0498	153.60543	85.89752	150.54788	204.73088	143.63017	197.3931	129.89777	197.02164	111.41578	198.86887			88.19805	196.50922
16.9823	70.76553	163.57438	141.57676	84.45784	49.833074	82.719718	87.69542	89.745235	65.978855	96.167933	53.125118	113.13824	61.375675	65.985135	91.060961	78.193876	73.12564	87.733656	55.44194			152.11474	158.6285	162.68655	176.17034	186.6508	130.17789	122.83585	99.750751	165.16763	101.44334	153.36448	85.69609	150.35697	204.99838	143.43088	197.73024	129.47735	197.74506	111.17455	199.16746				
16.173527	68.460536	165.27531	142.00294	85.35339	49.374903	82.315233	87.879277	90.151462	65.962608	96.99049	53.744093	112.60256	61.195986	65.344467	90.948166	78.079963	73.488958	87.218212	55.91393			154.1105	159.3861	159.15357	175.27448	185.4895	130.88603	124.83424	100.67403	165.64671	101.80403	153.03343	85.391072	149.94249	205.60069	142.84099	198.52952	128.80434	198.85554	110.53782	199.79309				
16.173527	68.460536	166.97275	142.4427	86.16167	49.026528	81.823498	88.058849	90.652642	65.987816	97.857553	54.39856	112.00098	60.937253	64.699061	90.840451	77.981371	73.848756	86.736137	56.419156			154.1105	159.3861	159.15357	175.27448	184.12894	131.61314	126.94405	101.64984	166.12086	102.1701	152.64403	85.036382	149.47069	206.3067	142.20127	199.41309	128.60415	199.16087	109.83979	200.46235				
16.173527	68.460536	168.67018	142.88246	86.96995	48.678152	81.331764	88.238422	91.153822	66.013024	98.724617	55.053028	111.3994	60.67852	64.053655	90.732736	77.882779	74.208555	86.254063	56.924382			154.1105	159.3861	159.15357	175.27448	182.76838	132.34025	129.05386	102.62564	166.59501	102.53616	152.25463	84.681693	148.99889	207.01272	141.56156	200.29665	128.40396	199.4662	109.14176	201.13161				
15.21453	64.95715	170.36412	143.3358	87.85639	48.422556	80.509571	88.482479	92.035692	66.18522	99.862739	55.927585	110.45776	60.250818	63.403509	90.6301	77.799506	74.564833	85.805359	57.462845			156.87976	159.8825	155.5498	174.69818	180.79152	133.38835	131.7074	103.74085	167.06422	102.9076	151.56974	84.07727	148.25968	208.16361	140.67274	201.60164	128.01414	200.05403	108.13923	202.08105				
15.21453	64.95715	172.05432	143.8028	88.02181	48.40554	80.266362	88.551246	92.321429	66.290753	100.08929	56.112182	110.18361	60.160893	63.125738	90.651072	77.732719	74.917311	85.389355	58.034676			156.87976	159.8825	155.5498	174.69818	180.37447	133.69036	132.13969	103.82772	167.49502	103.32265	151.33258	83.87721	148.04959	208.50478	140.47345	201.93879	127.5536	200.71356	107.89602	202.3176				
15.21453	64.95715	172.61129	144.36352	88.18723	48.388524	80.023153	88.620013	92.607166	66.396286	100.31584	56.296779	109.90946	60.070968					84.97335	58.606507			156.87976	159.8825	155.5498	174.69818	179.95742	133.99237	132.57198	103.91459	167.83862	103.65368	151.09542	83.67715	147.8395	208.84595	140.27416	202.27594	127.09306	201.37309	107.65281	202.55415				
14.538174	61.124348	173.10285	144.95397	88.56101	48.201081	79.493684	88.76679	93.340072	66.647416	100.47971	56.394266	109.40823	59.781701					84.590045	59.211706			159.25363	160.3963	150.8117	173.89874	179.51196	134.69029	133.39611	104.12955	168.15533	104.01054	150.48751	83.200183	147.33917	209.9843	139.8417	202.77997	126.32029	202.40035	107.2961	202.89187				
14.538174	61.124348	173.53696	145.56957	89.03038	47.942545	78.903745	88.947733	94.148484	66.902847	100.66126	56.530789	108.86414	59.443119					84.238767	59.850406			159.25363	160.3963	150.8117	173.89874	179.03047	135.37411	134.26979	104.3711	168.46454	104.37453	149.81287	82.667649	146.73115	211.0364	139.35961	203.35807	126.07877	202.6964	106.88945	203.2807				
14.538174	61.124348	173.97106	146.18517	89.49975	47.684009	78.313807	89.128677	94.956895	67.158279	100.84281	56.667312	108.32006	59.104536					83.887489	60.489105			159.25363	160.3963	150.8117	173.89874	178.54898	136.05794	135.14347	104.61265	168.77375	104.73852	149.13822	82.135115	146.12313	212.08849	138.87752	203.93618	125.83725	202.99245	106.4828	203.66954				
13.98247	55.86578	174.3477	146.82592	90.06472	47.354381	77.663398	89.343787	95.840812	67.418013	101.19066	57.013241	107.51031	58.573046					83.568238	61.161305			161.69892	160.9013	146.03292	173.37582	177.75087	136.85052	136.38195	104.9774	169.07546	105.10965	148.1448	81.335853	145.08701	213.0524	138.14694	204.90507	125.36164	203.58843	105.80473	204.33				
13.98247	55.86578	174.67484	147.48726	90.61252	47.052997	77.17831	89.549219	96.428572	67.540753	101.33929	57.18361	107.28751	58.429454					83.280343	61.867136			161.69892	160.9013	146.03292	173.37582	177.47028	136.97335	136.6972	105.07401	169.38906	105.46922	147.89275	81.12469	144.7666	213.05047	137.94806	205.22178	124.83697	204.25436	105.58325	204.55051				
13.98247	55.86578	175.00197	148.14859	91.16032	46.751612	76.279119	89.672632	96.85019	67.586843	101.48792	57.35398	107.06471	58.285862					82.992449	62.572967			161.69892	160.9013	146.03292	173.37582	177.18969	137.09618	137.01245	105.17062	169.91869	106.07648	147.6407	80.913527	144.44619	213.04854	137.74918	205.53849	124.31231	204.92028	105.36177	204.77102				
14.115728	51.370189	175.27959	148.8305	91.98746	46.500926	75.379502	89.893242	97.209083	67.650473	101.89669	57.866307	106.69576	58.009166					82.73591	63.31243			164.21203	161.4064	141.2336	173.03515	176.75741	137.11183	137.47311	105.33135	170.45764	106.67617	147.25475	80.504379	144.31991	212.44876	137.29677	206.30667	123.51972	205.94404	104.89604	205.35761				
14.115728	51.370189	175.51565	149.52841	92.78456	46.341068	74.501899	90.100124	97.528661	67.715408	102.36728	58.463812	106.26521	57.721606					82.510056	64.085657			164.21203	161.4064	141.2336	173.03515	176.2405	137.08106	138.00197	105.51589	170.9893	107.28193	146.79715	80.065316	144.27375	211.84946	136.78882	207.14822	123.30085	206.23194	104.34473	205.97957				
14.115728	51.370189	175.75172	150.22632	93.58165	46.18121	73.624296	90.307006	97.848238	67.780342	102.83788	59.061316	105.83467	57.434046									164.21203	161.4064	141.2336	173.03515	175.72359	137.05028	138.53082	105.70042	171.52097	107.88768	146.33956	79.626253	144.22758	211.25016	136.28088	207.98977	123.08198	206.51984	103.79342	206.60154				
14.60747	46.19536	175.94621	150.94024	94.56249	46.143143	72.768709	90.50016	98.1285	67.846583	103.56826	59.999534	105.10794	57.042096									166.73741	162.0839	136.43386	172.78246	174.8125	136.94165	139.42184	106.00466	172.04534	108.4995	145.54099	78.991862	144.26152	210.65135	135.50691	209.20982	122.61899	207.09857	102.87463	207.43989				
14.60747	46.19536	176.1071	151.66558	94.77629	46.174106	71.957578	90.568661	98.392857	67.897896	103.76622	60.255072	104.87335	56.948571									166.73741	162.0839	136.43386	172.78246	174.50295	136.91022	139.71583	106.10057	172.54579	109.13102	145.27167	78.82645	144.26152	210.65135	135.29641	209.51493	122.12654	207.74212	102.59272	207.6209				
14.60747	46.19536	176.26799	152.39092	94.99009	46.205069	71.523954	90.609665	98.655581	68.014151	103.96418	60.51061	104.63876	56.855046									166.73741	162.0839	136.43386	172.78246	174.1934	136.87879	140.00982	106.19648	172.90135	109.5797	145.00235	78.661038			135.08591	209.82005	121.63409	208.38567	102.31081	207.80191				
15.202228	43.792032	176.39526	153.12769	95.6106	46.283858	71.008138	90.764567	99.276932	68.218468	104.48626	61.091338	104.18473	56.579295									168.53961	163.113	130.36201	172.38347	173.49721	136.75755	140.65107	106.44658	173.23637	110.04393	144.07579	78.066196			134.74266	210.308	120.94382	209.36762	101.54766	208.24419				
15.202228	43.792032	176.49687	153.87132	96.39964	46.403117	70.510769	90.913304	99.89023	68.425492	104.98777	61.757526	103.68852	56.259001									168.53961	163.113	130.36201	172.38347	172.67327	136.60348	141.37171	106.73706	173.56753	110.51111	143.115	77.552281			134.35533	210.8545	120.77546	209.6412	100.79461	208.57792				
15.202228	43.792032	176.59848	154.61494	97.18868	46.522376	70.0134	91.062042	100.50353	68.632515	105.48928	62.423714	103.1923	55.938707									168.53961	163.113	130.36201	172.38347	171.84933	136.44942	142.09235	107.02754	173.89869	110.9783	142.15421	77.038366			133.96801	211.401	120.6071	209.91478	100.04157	208.91164				
16.06274	41.01067	176.67442	155.36542	98.14625	46.682106	69.354562	91.212785	101.22403	68.905784	106.0281	63.474048	102.45222	55.43802									170.14235	164.3063	124.35203	171.46408	170.48737	136.18116	143.19813	107.4871	174.22598	111.44844	141.15917	76.605378			133.34323	212.27572	120.11551	210.49707	99.298637	209.13681				
16.06274	41.01067	176.73265	156.11818	99.03416	46.874952	69.174646	91.220956	101.33929	68.969324	106.08596	63.772736	102.25054	55.302171									170.14235	164.3063	124.35203	171.46408	170.0771	136.0998	143.5039	107.6158	174.56609	111.90894	140.7529	76.763676			133.14984	212.54539	119.533	211.11441	99.05719	208.88359				
16.06274	41.01067	176.79088	156.87094	99.92207	47.067799	68.994729	91.229127	101.45455	69.032864	106.14382	64.071424	102.04886	55.166322									170.14235	164.3063	124.35203	171.46408	169.66683	136.01844	143.80966	107.74451	174.94117	112.41679	140.51528	77.25108			132.95645	212.81506	118.95049	211.73175						
16.835239	38.611307	176.8314	157.62598	101.02861	47.42192	68.520684	91.191981	101.90996	69.193469	105.97524	64.624795	101.68694	54.956361									171.78817	165.6996	118.44662	170.02009	168.81071	135.83352	144.38859	107.96501	175.30541	112.93349	141.05853	78.19218			132.64756	213.40008	118.01103	212.59104						
16.835239	38.611307	176.86214	158.37872	102.00386	47.784168	67.962211	91.153119	102.3209	69.369495	105.70581	65.23403	101.27508	54.696415									171.78817	165.6996	118.44662	170.02009	167.80814	135.61676	145.04356	108.23249	175.67786	113.44368	141.90199	79.144908			132.26131	213.97637	117.74501	212.79793						
16.835239	38.611307	176.89289	159.13146	102.97911	48.146417	67.403738	91.114257	102.73184	69.54552	105.43639	65.843266	100.86322	54.43647									171.78817	165.6996	118.44662	170.02009	166.80557	135.40001	145.69852	108.49997	176.05031	113.95387	142.74546	80.097635			131.87505	214.55265	117.47899	213.00482						
18.00777	35.75202	176.91387	159.8819	104.00447	48.62947	66.502024	91.074334	103.06701	69.799573	104.89337	66.76944	100.20071	53.958646									173.55594	167.2148	112.68849	168.04729	165.15848	135.04706	146.73448	108.97272	176.43098	114.45756	143.88913	81.06199			131.16	215.23754	116.80415	213.38266						
18.00777	35.75202	176.93303	160.62548	104.18585	48.742147	66.24321	91.074988	103.03571	69.862182	104.72062	67.030513	100	53.790753									173.55594	167.2148	112.68849	168.04729	164.66042	134.94271	147.03943	109.13102	176.83893	114.9394	144.85237	81.595906			130.90857	215.35488	116.15442	213.67769						
18.00777	35.75202	176.92619	161.57571	104.36723	48.854824	65.984397	91.075642	103.0044	69.924791	104.54787	67.291586	99.799287	53.62286									173.55594	167.2148	112.68849	168.04729	164.16236	134.83836	147.34438	109.28932	177.2429	115.41653					130.65714	215.47222	115.5047	213.97272						
19.149156	34.112889	176.89233	162.52381	104.92375	49.191188	65.343729	90.962847	102.76451	70.208562	104.06149	67.556058	99.213735	53.371694									174.81863	168.4775	108.53544	166.50929	162.98428	134.63994	148.03801	109.65342	177.72905	115.82728					130.19607	215.71625	114.8801	214.18494						
19.149156	34.112889	176.83556	163.46997	105.62861	49.633429	64.698323	90.855132	102.47381	70.513367	103.4809	67.711533	98.590001	53.110632									174.81863	168.4775	108.53544	166.50929	161.70257	134.39894	148.81366	110.04844	178.19469	116.25272					129.75613	215.86811	114.71455	214.06062						
19.149156	34.112889	176.77878	164.41613	106.33346	50.07567	64.052917	90.747417	102.18312	70.818172	102.90031	67.867007	97.966267	52.84957									174.81863	168.4775	108.53544	166.50929	160.42085	134.15793	149.58931	110.44346	178.66034	116.67816					129.31618	216.01998								
20.77037	32.12719	176.69911	165.36036	107.18667	50.623789	63.402771	90.644781	101.72439	71.217382	101.95068	67.826026	97.127631	52.474869									175.82878	170.1652	104.34835	165.06177	158.57921	133.73702	150.76352	111.01036	179.10549	117.11829					128.89736	216.07968								
20.77037	32.12719	176.60066	166.30288	107.96145	51.159977	63.125	90.665753	101.60714	71.290753	101.67587	67.738567	96.950911	52.371128									175.82878	170.1652	104.34835	165.06177	158.12292	133.59968	151.08005	111.15133	179.42745	117.65419					128.73042	215.82839								
20.77037	32.12719	176.50221	167.2454	108.73623	51.696166			101.48989	71.364124	101.40106	67.651108	96.774191	52.267387									175.82878	170.1652	104.34835	165.06177	157.66663	133.46234	151.39658	111.2923	179.74148	118.17688														
22.287317	30.498704	176.38499	168.1862	109.63848	52.421919			101.13224	71.677136	100.85511	67.544822	96.469362	52.115635									175.82878	172.7706	100.17253	163.58784	156.89886	133.13084	151.99034	111.5027	180.2262	118.81201														
22.287317	30.498704	176.25312	169.1255	110.40465	53.086202			100.73719	72.038513	100.22085	67.423871	96.195389	51.97529									175.82878	172.7706	100.17253	163.58784	156.07669	132.77746	152.65003	111.74628	180.53408	119.43296														
22.287317	30.498704	176.12125	170.06481	111.17082	53.750485			100.34214	72.39989	99.586587	67.302921	95.921415	51.834946									175.82878	172.7706	100.17253	163.58784	155.25452	132.42408	153.30971	111.98985	180.84197	120.0539														
24.30459	28.56102	175.97474	171.00261	111.91612	54.498454			99.776273	72.94305	98.54997	67.09425	95.678297	51.706008									175.32371	175.5608	96.053314	161.97059	154.04101	131.93638	154.32545	112.40344	180.97301	120.66066														
24.30459	28.56102	175.81772	171.93913	112.03134	54.64361			99.642857	73.076467	98.235932	67.021193	95.625	51.647896									175.32371	175.5608	96.053314	161.97059	153.70407	131.82395	154.61558	112.54028	180.5797	121.12663														
24.30459	28.56102	175.66069	172.87565	112.14656	54.788765			99.509441	73.209884	97.921894	66.948136											175.32371	175.5608	96.053314	161.97059	153.36713	131.71152	154.9057	112.67712	180.3102	121.44591														
25.74043	27.399795	175.49314	173.81089	112.35697	55.404965			99.46264	73.582141	97.209687	66.830535											174.31355	177.5689	95.529492	161.66335	152.7997	131.55841	155.41103	112.94307	179.89184	121.40757														
25.74043	27.399795	175.31922	174.74505	112.52958	56.19854			99.383307	74.013933	96.417333	66.687694											174.31355	177.5689	95.529492	161.66335	152.14595	131.38813	156.00154	113.24703	179.44027	121.26123														
25.74043	27.399795	175.14529	175.67922	112.70219	56.992116			99.303975	74.445725	95.624979	66.544854											174.31355	177.5689	95.529492	161.66335	151.49219	131.21785	156.59205	113.55099	178.98871	121.11488														
27.85544	26.02032	174.96497	176.61232	112.83699	57.963067			99.060341	75.122831	94.435163	66.289769											172.28097	178.3265	95.047111	161.27362	150.411	130.93985	157.58316	114.03737	178.50394	120.86053														
27.85544	26.02032	174.7824	177.54456	112.80097	58.817727			98.928571	75.30861	94.117849	66.202764											172.28097	178.3265	95.047111	161.27362	150.06989	130.8493	157.89858	114.18179	178.10163	120.74778														
27.85544	26.02032	174.59983	178.4768	112.76494	59.672386			98.796801	75.494389	93.800535	66.115759											172.28097	178.3265	95.047111	161.27362	149.72878	130.75875	158.214	114.32621	177.44304	120.56321														
29.863684	25.075551	174.415	179.40819	112.44689	60.468481			98.175361	75.730068	93.187376	65.945411											167.87816	178.2045	94.698694	160.78519	148.9851	130.56485	158.9312	114.63448	176.8148	120.29243														
29.863684	25.075551	174.23205	180.33894	112.05343	61.043485			97.51812	75.946553	92.510248	65.750061											167.87816	178.2045	94.698694	160.78519	148.12939	130.341	159.7461	114.97464	176.19182	120.00588														
29.863684	25.075551	174.04909	181.26969	111.65998	61.61849			96.860878	76.163037	91.833119	65.55471											167.87816	178.2045	94.698694	160.78519	147.27369	130.11715	160.561	115.31479	175.56884	119.71934														
33.32331	23.98469	173.86801	182.1998	111.0223	61.957554			96.030346	76.414825	90.805423	65.240847											165.55481	177.3163	94.576766	160.18189	145.91135	129.75819	161.82668	115.82282	174.95111	119.41703														
33.32331	23.98469	173.69293	183.12949	110.85348	61.942703			95.892857	76.469324	90.518825	65.147338											165.55481	177.3163	94.576766	160.18189	145.51674	129.65302	162.17977	115.9588	174.31355	119.16941														
33.32331	23.98469	173.16862	184.08068	110.68466	61.927852			95.755368	76.523823	90.232228	65.053829											165.55481	177.3163			145.12213	129.54785	162.53286	116.09478	173.6775	118.92237														
37.808628	23.424345	172.62322	185.01855	110.1247	61.792333			95.388982	76.546206	89.594888	64.945051											163.07994	176.6893			144.36077	129.32052	163.25363	116.37288	173.03041	118.70445														
37.808628	23.424345	172.06067	185.94558	109.45752	61.655044			94.949983	76.554934	88.910108	64.828138											163.07994	176.6893			143.46411	129.06701	164.06535	116.6957	172.38448	118.48363														
37.808628	23.424345	171.49813	186.87261	108.79033	61.517756			94.510984	76.563662	88.225327	64.711225											163.07994	176.6893			142.56745	128.8135	164.87708	117.01852	171.73855	118.26281														
43.95924	23.14414	170.91844	187.78879	108.01592	61.378697			93.7854	76.558672	87.493104	64.586177											160.68515	175.8097			141.0676	128.42886	166.13823	117.54349	171.09377	118.03909														
43.95924	23.14414	170.32555	188.69657	107.41821	61.356769			93.571429	76.55861	87.01674	64.460128											160.68515	175.8097			140.59971	128.32392	166.4967	117.70091	170.46235	117.78045														
43.95924	23.14414	169.73267	189.60436	106.8205	61.33484			93.357458	76.558548	86.551113	64.43481											160.68515	175.8097			140.13182	128.21898	166.85517	117.85834	169.78704	117.50383														
48.806335	23.618888	169.1266	190.50376	106.41523	61.6346			92.553811	76.43422	86.085215	64.414864											158.40365	175.1236			138.74727	128.02365	167.574	118.2441	169.13316	117.17728														
48.806335	23.618888	168.51128	191.39723	106.20948	62.045834			91.692088	76.293947	85.619203	64.397582											158.40365	175.1236			137.33532	127.8266	168.37896	118.65221	168.47786	116.8543														
48.806335	23.618888	167.89597	192.2907	106.00372	62.457067			90.830365	76.153673	85.153191	64.380299											158.40365	175.1236			135.92337	127.62954	169.18392	119.06033	167.82256	116.53132														
54.59516	24.44645	167.27142	193.17823	106.09764	63.191758			89.687425	75.965532	84.687065	64.365681											155.66901	174.7909			134.48402	127.43075	170.42652	119.61421	167.16585	116.21191														
54.59516	24.44645	166.64159	194.0623	106.1978	63.403742			89.464286	75.93361	84.220981	64.35102											155.66901	174.7909			133.90651	127.31887	170.77802	119.73763	166.48487	115.94955														
54.59516	24.44645	166.01175	194.94637	106.29796	63.615726			89.241147	75.901688													155.66901	174.7909			132.06806	126.90907	171.12952	119.86105	165.95166	115.74412														
58.117518	25.127037	165.37663	195.82696	106.26693	64.233038			88.772748	75.924186													152.84781	174.5384			130.9691	126.7103	171.82962	119.99519	165.39761	115.59734														
58.117518	25.127037	164.74018	196.70655	106.10929	64.998389			88.292995	75.921093													152.84781	174.5384			130.11465	126.5615	172.60279	120.15176	164.84499	115.44699														
58.117518	25.127037	164.10373	197.58613	105.95164	65.76374			87.813241	75.918001													152.84781	174.5384			129.2602	126.41269	173.37596	120.30833	164.29237	115.29664														
62.18662	26.06496	163.46595	198.46471	105.66737	66.677131			87.187852	75.822179													150.32243	174.0333			128.65026	126.31384	174.54409	120.59388	163.74118	115.14271														
62.18662	26.06496	162.83079	199.34473	105.26105	67.481271			87.053572	75.755039													150.32243	174.0333			127.78985	126.10388	174.86598	120.70043	163.2137	114.92299														
62.18662	26.06496	162.19563	200.22475	104.85473	68.285411			86.919292	75.687899													150.32243	174.0333					175.18787	120.80698	162.55277	114.64768														
64.665121	26.8352	161.56309	201.10623	104.28258	69.185768			86.637725	75.780036													148.20976	173.2757					175.78819	121.05894	161.927	114.29852														
64.665121	26.8352	160.93713	201.99161	103.76508	69.934828			86.173369	75.84289													148.20976	173.2757					176.45969	121.3536	161.30436	113.94229														
64.665121	26.8352	160.31117	202.87699	103.24758	70.683888			85.709013	75.905744													148.20976	173.2757					177.13118	121.64826	160.68172	113.58605														
68.08429	27.95134	159.69178	203.76627	102.69088	71.381126			84.629148	75.847176													145.33949	173.0232					178.17714	122.12432	160.06221	113.22274														
68.08429	27.95134	159.08292	204.66193	102.59702	71.480601			84.196429	75.755039													145.33949	173.0232					178.48043	122.26301	159.4138	112.9191														
68.08429	27.95134	158.58782	205.17767	102.50316	71.580076			83.76371	75.662902													145.33949	173.0232					178.78372	122.4017	158.71302	112.59094														
71.750458	29.120944	158.10398	205.70927	101.96229	71.832243			82.665881	75.505196													140.97852	173.0232					179.54717	122.59112	157.9873	112.31899														
71.750458	29.120944	157.62581	206.24934	101.21949	72.167678			81.566664	75.360092													140.97852	173.0232					180.3108	122.87213	157.26299	112.04408														
71.750458	29.120944	157.14764	206.78941	100.47668	72.503114			80.467448	75.214988													140.97852	173.0232					181.07443	123.15314	156.53868	111.76917														
76.45504	30.62391	156.67513	207.33796	99.53194	72.921818			79.366843	75.082485													138.53323	172.5181					181.99024	123.77825	155.81578	111.49131														
76.45504	30.62391	156.20269	207.88757	98.63033	73.354369			78.928572	75.040753													138.53323	172.5181					182.14224	124.03077	155.12066	111.15133														
76.45504	30.62391	155.73024	208.43718	97.72873	73.78692																	138.53323	172.5181					182.29424	124.28329	154.51099	110.85315														
79.644034	31.597444	155.25787	208.98787	96.76882	74.459961																	134.54313	172.3962					182.61148	124.67095	153.77813	110.5202														
79.644034	31.597444	154.77995	209.53222	96.00705	75.113318																	134.54313	172.3962					182.71806	125.17733	153.04325	110.19152														
79.644034	31.597444	154.30204	210.07658	95.24529	75.766674																	134.54313	172.3962					182.82463	125.6837	152.30837	109.86284														
83.52611	32.89676	153.8186	210.61461	94.62715	76.577252																	130.62446	172.2656					182.37522	126.67248	151.57148	109.53841														
83.52611	32.89676	153.32401	211.13892	94.57264	76.754158																	130.62446	172.2656					182.0299	127.03616	150.95377	109.25729														
83.52611	32.89676	152.82943	211.66323	94.51813	76.931064																	130.62446	172.2656					181.68457	127.39984	150.26228	108.94259														
86.188338	34.031043	152.32372	212.17381	94.55397	77.441947																	128.00671	171.7605					179.9573	127.54174	149.69572	108.6795														
86.188338	34.031043	151.80126	212.66328	94.64606	78.101528																	128.00671	171.7605					178.05587	127.62224	149.12612	108.42349														
86.188338	34.031043	151.27881	213.15274	94.73815	78.761109																	128.00671	171.7605					176.15444	127.70274	148.55651	108.16748														
89.71328	35.66273	150.73963	213.62108	94.88647	79.569388																	125.04408	171.5079					173.55788	127.78089	147.98386	107.91856														
89.71328	35.66273	150.17811	214.0609	95.05692	80.341086																	125.04408	171.5079					173.0369	127.83994	147.28015	107.6322														
89.71328	35.66273	149.61659	214.50072	95.22736	81.112784																	125.04408	171.5079					172.51592	127.89899	146.72255	107.40529														
92.817343	37.210504	149.03273	214.91202	95.35514	82.12855																	122.43861	171.0029					171.80271	128.0228	146.1845	107.13351														
92.817343	37.210504	148.42094	215.28741	95.42154	83.047491																	122.43861	171.0029					171.13616	128.13044	145.64597	106.86289														
92.817343	37.210504	147.80915	215.66279	95.48794	83.966432																	122.43861	171.0029					170.4696	128.23808	145.10745	106.59226														
97.03689	39.4508	147.16943	216.00226	95.45543	84.980743																	120.25812	170.2453					169.84969	128.32955	144.56845	106.32281														
97.03689	39.4508	146.49617	216.29841	95.4179	85.17294																	120.25812	170.2453					169.51533	128.32392	144.00898	106.10057														
97.03689	39.4508	145.66889	216.73369	95.38037	85.365137																	120.25812	170.2453							143.35122	105.83929														
100.90899	41.73162	144.83917	217.17123	95.1536	85.955709																	117.84823	169.5221							142.6778	105.62145														
100.90899	41.73162	144.00629	217.60701	94.7996	86.685195																	117.84823	169.5221							142.00138	105.41171														
100.90899	41.73162	143.1734	218.04278	94.44561	87.414681																	117.84823	169.5221							141.32496	105.20197														
105.37065	44.50156	142.33735	218.47678	93.9644	88.283082																	115.97724	169.2351							140.64555	105.00034														
105.37065	44.50156	141.49739	218.90497	93.41798	89.030936																	115.97724	169.2351							139.97583	104.77147														
105.37065	44.50156	140.65743	219.33315	92.87156	89.77879																									139.17182	104.49671														
107.27504	45.871598	139.81358	219.75552	92.05446	90.549399																									138.36865	104.21927														
107.27504	45.871598	138.96509	220.16803	91.28062	91.156646																									137.56736	103.93657														
107.27504	45.871598	138.11659	220.58054	90.50678	91.763892																									136.76607	103.65386														
109.68592	47.61046	137.26347	220.9832	89.58949	92.254979																									135.96665	103.3659														
109.68592	47.61046	136.40497	221.37195	89.40278	92.302182																									135.17014	103.07011														
109.68592	47.61046	135.54648	221.7607	89.21607	92.349385																									134.78912	102.92861														
112.25624	49.313376	134.68262	222.13555	88.62482	92.499727																									134.4117	102.77764														
112.25624	49.313376	133.81266	222.49246	87.88367	92.724142																									134.03413	102.62704														
112.25624	49.313376	132.9427	222.84936	87.14251	92.948558																									133.65657	102.47644														
115.72471	51.57263	132.06664	223.18832	86.25145	93.247048																									133.27887	102.32622														
115.72471	51.57263	131.18374	223.5053	85.46515	93.590547																									132.8973	102.18623														
115.72471	51.57263	130.30085	223.82227	84.67884	93.934046																																								
118.59032	53.38242	129.41112	224.11726	83.83336	94.506976																																								
118.59032	53.38242	128.51383	224.38622	83.14918	95.074443																																								
118.59032	53.38242	127.61654	224.65518	82.46501	95.641909																																								
122.03816	55.61324	126.71168	224.8981	81.87156	96.364733																																								
122.03816	55.61324	125.79852	225.11096	81.801	96.525555																																								
122.03816	55.61324	124.45646	225.28004	81.73044	96.686377																																								
124.1037	57.105008	123.10623	225.42651	81.62945	97.207417																																								
124.1037	57.105008	121.75122	225.54458	81.50917	97.886466																																								
124.1037	57.105008	120.39621	225.66266	81.38889	98.565514																																								
126.58385	58.89623	119.03641	225.75235	81.24932	99.40257																																								
126.58385	58.89623	117.67522	225.80789	81.10158	100.19542																																								
126.58385	58.89623	116.31402	225.86342	80.95384	100.98828																																								
128.34706	60.079025	114.95143	225.88479	80.6405	101.97016																																								
128.34706	60.079025	113.59082	225.86624	80.303	102.83025																																								
128.34706	60.079025	112.2302	225.84769	79.96551	103.69033																																								
130.7649	61.70125	110.87158	225.78921	79.4817	104.58144																																								
130.7649	61.70125	109.51832	225.68504	79.35953	104.73427																																								
130.7649	61.70125	108.16506	225.58087	79.23736	104.8871																																								
133.06583	63.272135	106.81716	225.43099	78.72714	105.24349																																								
133.06583	63.272135	105.47802	225.22966	78.02466	105.65122																																								
133.06583	63.272135	104.13888	225.02832	77.32219	106.05895																																								
136.1803	65.46223	102.80849	224.77552	76.42747	106.518																																								
136.1803	65.46223	101.49023	224.46548	75.53633	106.87615																																								
136.1803	65.46223	100.17198	224.15544	74.64518	107.23429																																								
138.82997	67.487031	98.86586	223.78816	73.52042	107.59535																																								
138.82997	67.487031	97.575259	223.35788	72.53038	107.88058																																								
138.82997	67.487031	96.284658	222.9276	71.54035	108.16581																																								
142.06189	69.94519	95.009576	222.43431	70.50895	108.40262																																								
142.06189	69.94519	93.753397	221.87225	70.33284	108.43003																																								
142.06189	69.94519	92.647125	221.46837	70.15673	108.45744																																								
143.97947	71.290712	91.58144	220.99863	69.51723	108.50058																																								
143.97947	71.290712	90.550788	220.47317	68.71385	108.51281																																								
143.97947	71.290712	89.520135	219.94772	67.91047	108.52504																																								
146.47158	73.07147	88.524515	219.36655	66.94322	108.50637																																								
146.47158	73.07147	87.558371	218.73982	66.11163	108.41017																																								
146.47158	73.07147	86.592227	218.1131	65.28004	108.31398																																								
148.84949	74.911876	85.65556	217.44082	64.50321	108.04003																																								
148.84949	74.911876	84.742813	216.73314	63.93786	107.73317																																								
148.84949	74.911876	83.830067	216.02547	63.3725	107.4263																																								
151.79235	77.24245	82.941241	215.28239	63.02578	106.97259																																								
151.79235	77.24245	82.07078	214.51408	63.03294	106.85866																																								
151.79235	77.24245	81.200319	213.74576	63.0401	106.74473																																								
153.46429	78.593949	80.348223	212.95221	63.05279	106.63988																																								
153.46429	78.593949	79.508936	212.14357	63.06577	106.57018																																								
153.46429	78.593949	78.66965	211.33493	63.07876	106.50048																																								
155.87827	80.61451	77.843173	210.51121	63.09203	106.46592																																								
155.87827	80.61451	77.02395	209.68256	63.10034	106.49256																																								
155.87827	80.61451	76.204726	208.85391	63.10865	106.5192																																								
158.7515	83.173013	75.392757	208.02034	63.11638	106.50157																																								
158.7515	83.173013	74.582485	207.192	63.12245	106.45303																																								
158.7515	83.173013	73.772214	206.36365	63.12851	106.4045																																								
162.38113	86.4229	72.96364	205.54054	63.13291	106.32505																																								
162.38113	86.4229	72.151209	204.73282	63.13453	106.22805																																								
162.38113	86.4229	71.558084	203.81689																																										
164.54334	88.320938	70.943145	202.91573																																										
164.54334	88.320938	70.314146	202.02422																																										
164.54334	88.320938	69.685147	201.13272																																										
167.24249	90.716	69.042088	200.25085																																										
167.24249	90.716	68.392724	199.37351																																										
167.24249	90.716	67.74336	198.49617																																										
169.37307	92.635162	67.087691	197.62334																																										
169.37307	92.635162	66.433472	196.74991																																										
169.37307	92.635162	65.779252	195.87648																																										
172.35639	95.4511	65.126482	195.00243																																										
172.35639	95.4511	64.482916	194.12266																																										
172.35639	95.4511	63.839349	193.24288																																										
175.14053	98.308747	63.204987	192.35737																																										
175.14053	98.308747	62.587583	191.46099																																										
175.14053	98.308747	61.970179	190.56462																																										
178.98552	102.4591	61.369734	189.65738																																										
178.98552	102.4591	60.794001	188.73415																																										
178.98552	102.4591	60.218269	187.81092																																										
182.50471	106.47849	59.66725	186.8717																																										
182.50471	106.47849	59.148698	185.91136																																										
182.50471	106.47849	58.630146	184.95102																																										
186.68793	111.6767	58.144062	183.96956																																										
186.68793	111.6767	57.6982	182.96186																																										
186.68793	111.6767	57.289694	182.17424																																										
189.1817	115.43999	56.893072	181.38081																																										
189.1817	115.43999	56.508746	180.58181																																										
189.1817	115.43999	56.12442	179.7828																																										
191.61242	119.8211	55.75239	178.97821																																										
191.61242	119.8211	55.393071	178.16825																																										
191.61242	119.8211	55.033752	177.3583																																										
192.53795	122.25322	54.687143	176.54297																																										
192.53795	122.25322	54.353657	175.72251																																										
192.53795	122.25322	54.020172	174.90204																																										
192.93825	124.9981	53.69981	174.07642																																										
192.93825	124.9981	53.392985	173.24587																																										
192.93825	124.9981	53.08616	172.41532																																										
192.22679	126.68995	52.792872	171.57984																																										
192.22679	126.68995	52.513535	170.73964																																										
192.22679	126.68995	52.234198	169.89945																																										
190.85481	128.5336	51.968812	169.05454																																										
190.85481	128.5336	51.71779	168.20514																																										
190.85481	128.5336	51.466768	167.35573																																										
189.47937	129.44649	51.23011	166.50183																																										
189.47937	129.44649	51.008229	165.64365																																										
189.47937	129.44649	50.786349	164.78547																																										
187.15761	130.6655	50.579246	163.92301																																										
187.15761	130.6655	50.387335	163.05649																																										
187.15761	130.6655																																												
183.97056	131.94799																																												
183.97056	131.94799																																												
183.97056	131.94799																																												
180.2482	133.7738																																												
180.2482	133.7738																																												
180.2482	133.7738																																												
179.07991	135.37494																																												
179.07991	135.37494																																												
179.07991	135.37494																																												
177.40715	136.9936																																												
177.40715	136.9936																																												
177.40715	136.9936																																												
175.5163	137.08611																																												
175.5163	137.08611																																												
175.5163	137.08611																																												
172.16698	136.678																																												
172.16698	136.678																																												
172.16698	136.678																																												
167.55328	135.79252																																												
167.55328	135.79252																																												
167.55328	135.79252																																												
161.43411	134.4051																																												
161.43411	134.4051																																												
161.43411	134.4051																																												
157.25562	133.17162																																												
157.25562	133.17162																																												
157.25562	133.17162																																												
152.0902	131.6272																																												
152.0902	131.6272																																												
152.0902	131.6272																																												
148.28622	130.56124																																												
148.28622	130.56124																																												
148.28622	130.56124																																												
143.5039	129.3544																																												
143.5039	129.3544																																												
143.5039	129.3544																																												
140.18182	128.70506																																												
140.18182	128.70506																																												
140.18182	128.70506																																												
135.31808	127.9591																																												
135.31808	127.9591																																												
135.31808	127.9591																																												
130.26928	127.441																																												
130.26928	127.441																																												
130.26928	127.441																																												
122.77005	126.9489																																												
122.77005	126.9489																																												
122.77005	126.9489																																												
114.83803	126.86582																																												
114.83803	126.86582																																												
114.83803	126.86582																																												
105.37065	127.0815																																												
105.37065	127.0815																																												
105.37065	127.0815																																												
100.59362	127.6244																																												
100.59362	127.6244																																												
100.59362	127.6244																																												
95.52166	128.3442																																												
95.52166	128.3442																																												
95.52166	128.3442																																												
92.7671	128.7956																																												
92.7671	128.7956																																												
92.7671	128.7956																																												
89.37068	129.3544																																												
89.37068	129.3544																																												
89.37068	129.3544																																												
86.332895	129.76184																																												
86.332895	129.76184																																												
86.332895	129.76184																																												
82.38967	130.3645																																												
82.38967	130.3645																																												
82.38967	130.3645																																												
79.34061	131.14874																																												
79.34061	131.14874																																												
79.34061	131.14874																																												
75.57246	131.9257																																												
75.57246	131.9257																																												
75.57246	131.9257																																												
72.675702	131.94575																																												
72.675702	131.94575																																												
72.675702	131.94575																																												
69.85206	131.7458																																												
69.85206	131.7458																																												
